Rank,Method,P@5,R@5,AP,MRR,nDCG
1,BM25 Search,0.24,0.24,0.201,0.6125,0.27403658602352376
2,Fused Search,0.25,0.2525,0.1925,0.5766666666666667,0.2664732081568666
3,FAISS Semantic Search,0.25,0.25250000000000006,0.1716666666666667,0.5108333333333334,0.2501904319213485
4,Semantic Search,0.25,0.25250000000000006,0.1716666666666667,0.5108333333333334,0.2501904319213485
5,Boolean Search,0.2,0.16999999999999998,0.12916666666666665,0.45,0.22985252045444357
